shape,method,rmse_x_mean,test_y_rmse_mean,g_hat_mean,lambda_hat_mean,lambda_eff_hat_mean,parameterization,time_median_s,n_iter_median,converged_count,n_seeds
30x30,grid_taylor_elbo_effective,2.7106473445892334,4.904733657836914,0.0014727769885212183,1.0,1.0,effective,6.144139250740409,5.0,0,1
30x30,grid_loo_effective,2.675179958343506,4.810535907745361,0.04956959933042526,4.0,4.0,effective,2.474057460203767,5.0,0,1
30x30,grid_taylor_elbo_base,2.6766650676727295,4.830501079559326,0.5889990329742432,1.0,1.3029948797776898,base,4.814945669844747,5.0,0,1
30x30,grid_loo_base,2.6766650676727295,4.830501079559326,0.5889990329742432,1.0,1.3029948797776898,base,5.471833812072873,5.0,0,1
