shape,m,n,seed,method,lambda_parameterization,rmse_x,train_y_rmse,test_y_rmse,g_true,g_hat,lambda_hat,lambda_eff_hat,time_s,n_iter,converged,objective
30x30,30,30,0,grid_taylor_elbo_effective,effective,2.7106473445892334,0.0888572707772255,4.904733657836914,0.25,0.0014727769885212183,1.0,1.0,6.144139250740409,5,False,610.1091918945312
30x30,30,30,0,grid_loo_effective,effective,2.675179958343506,0.38283589482307434,4.810535907745361,0.25,0.04956959933042526,4.0,4.0,2.474057460203767,5,False,1519.03173828125
30x30,30,30,0,grid_taylor_elbo_base,base,2.6766650676727295,0.25729265809059143,4.830501079559326,0.25,0.5889990329742432,1.0,1.3029948797776898,4.814945669844747,5,False,739.7930908203125
30x30,30,30,0,grid_loo_base,base,2.6766650676727295,0.25729265809059143,4.830501079559326,0.25,0.5889990329742432,1.0,1.3029948797776898,5.471833812072873,5,False,739.7930908203125
